country,pct_change_exports_to_US,pct_change_imports_from_CN,category,q1_trade_usd
SDN,6678.5294918153895,17.015384041247092,double_winner,25719.0
TX799,1415.0366991995318,-89.80237620742997,us_diversion_recipient,25068.666666666668
TCD,1162.0983960060319,34.88699558564048,double_winner,213321.66666666666
GAB,1146.4131115875803,12.740606741239024,double_winner,5879827.0
COD,386.294013988013,55.92270599871875,double_winner,49079832.666666664
BLZ,317.6436278616172,27.746203534474816,double_winner,2132826.6666666665
GIN,276.11167173524456,-2.2178221357207684,us_diversion_recipient,290351.0
SSD,252.3587350959046,-9.306608020281383,us_diversion_recipient,643.0
VCT,208.91931252453054,-14.365872200178492,us_diversion_recipient,258181.33333333334
BTN,176.92723280446884,-48.70573080460009,us_diversion_recipient,269004.0
WSM,174.8339199261797,22.22015519094601,double_winner,213852.66666666666
ABW,169.99321956544608,41.92543443133594,double_winner,560927.6666666666
CUW,155.25233364426433,17.582366439974713,double_winner,2106219.3333333335
MLI,135.46291457019345,40.11641687618773,double_winner,301034.6666666667
LBY,132.88513262896674,2.159661859317793,us_diversion_recipient,64465266.333333336
AGO,120.07578889740299,-38.217892984814604,us_diversion_recipient,57286843.0
MAC,100.39507821682707,11.564818814760292,double_winner,6451212.0
SWZ,94.81540779249133,42.41670265320876,double_winner,842785.6666666666
TLS,89.61751885736872,21.871730101068536,double_winner,453713.0
UGA,79.10363938383341,28.432700238686508,double_winner,10450853.333333334
PNG,78.32588595480247,38.208753909654554,double_winner,5076133.666666667
TGO,74.65545716293781,-0.8065056030862664,us_diversion_recipient,4435442.666666667
BIH,72.09844712757419,32.39253014267787,double_winner,10802089.333333334
ZMB,70.7756931116663,43.828318346721964,double_winner,22929686.666666668
SEN,70.5564030218219,21.212748320462243,double_winner,19015724.666666668
MUS,67.37581395783901,32.44171984794077,double_winner,11047101.666666666
GUY,67.11767095394875,79.72892437440723,double_winner,274608476.0
NCL,66.71100568990268,47.19839686240025,double_winner,2110756.6666666665
KHM,66.67017924355183,14.68757852404798,double_winner,1008642216.0
ETH,62.92837686675926,54.104509760507014,double_winner,57327111.333333336
TX910,60.44613460178806,20.070059394504707,double_winner,39838.5
CUB,60.44613460178806,35.264203861070456,double_winner,39838.5
MNG,57.03715784021875,45.17756028554074,double_winner,2127734.0
BEN,56.3912310666957,60.90036372816798,double_winner,1773792.3333333333
MNE,54.73983633038739,7.471594391692403,double_winner,931266.3333333334
BFA,53.81464121575552,44.906696628555,double_winner,350531.0
TWN,53.35038871881294,27.010136886219154,double_winner,11353688201.333334
CMR,51.803994982611634,8.158781063083246,double_winner,14264526.0
ARG,45.6356265010384,32.43123863862834,double_winner,527835156.0
MMR,41.02838097441612,7.2965111260630415,double_winner,57797886.333333336
LAO,39.67538321761465,9.088492755552824,double_winner,134300737.66666666
DMA,38.16433304608073,66.1768936355673,double_winner,135769.0
THA,37.52702246891949,7.371300171438936,double_winner,5831135241.666667
BOL,36.404683472861734,19.139404686139436,double_winner,46095594.666666664
BLR,36.29215946325271,21.29261107733216,double_winner,1251389.6666666667
VNM,31.2421191945711,20.83253208038419,double_winner,13227046675.666666
NIC,27.939879009537886,37.11726878847297,double_winner,358473491.0
PHL,27.93803903104775,7.176559082756668,double_winner,1287739212.0
ISL,26.0655224189139,4.403017366736418,us_diversion_recipient,91774918.66666667
KEN,25.596945332307307,10.976840102356752,double_winner,65610628.333333336
DZA,23.569445231911285,11.72342979973692,double_winner,213571603.0
ROU,22.999494185572615,10.3595730655554,double_winner,284324300.6666667
NGA,21.772756663807918,20.584439541423304,double_winner,372617682.6666667
EGY,21.214541515866046,22.179581848956726,double_winner,219778325.0
PAN,20.059363474311223,31.384673357269843,double_winner,45362798.666666664
NPL,19.611100862627826,22.873051790965913,double_winner,9558776.666666666
LBN,18.78296053531317,26.806538678133663,double_winner,19922942.0
HTI,18.551483336466628,53.28349525268477,double_winner,42527045.0
IRQ,17.8573579572554,2.0108718967196255,us_diversion_recipient,495555517.6666667
PAK,17.151730711789213,-4.511678554795956,us_diversion_recipient,424838779.0
SLV,16.83446097516969,5.487164207954214,double_winner,178885454.33333334
ALB,14.729091578080734,4.620486629693885,us_diversion_recipient,6321607.333333333
CRI,14.726088404894517,12.105839293707383,double_winner,1061610157.6666666
SRB,14.472775851695458,13.283945287168835,double_winner,73583159.0
IDN,13.871351561160566,15.056962843453519,double_winner,2647333309.3333335
GMB,12.460369881109644,25.129059288134272,double_winner,30280.0
MKD,12.276339606465333,26.839774341553003,double_winner,24017756.333333332
SMR,11.811852282776085,-35.93028057010419,us_diversion_recipient,1713228.3333333333
DOM,9.557712540267913,20.128349850571823,double_winner,591940492.3333334
OMN,7.050695649051393,36.52918822560914,double_winner,95315398.66666667
JOR,6.536429478490155,34.8892002507804,double_winner,278849659.3333333
MHL,6.504824894647078,39.739546750481445,double_winner,1801801.0
DJI,6.45581008506238,23.292285068545233,double_winner,2800650.3333333335
UKR,4.086283670826479,42.85413402654417,neutral,125074372.66666667
LVA,3.209284523489636,25.433592863522204,neutral,46767433.333333336
MEX,2.8876380989734396,12.888598108259519,neutral,43766387581.0
BGR,2.868181445920016,23.557850754162367,neutral,126475018.0
CZE,2.089954711054343,17.955393352999685,neutral,662774537.3333334
URY,2.0013553769405066,23.23848278064219,neutral,128227551.66666667
HND,1.3450159118560574,14.344399811642,neutral,450235764.0
G205,1.2842522597780288,21.82138316119681,neutral,57502109759.0
FIN,0.9008449033344414,10.06643526172835,neutral,640777524.0
BHS,0.6995621740848844,273.5626238073954,neutral,148463954.33333334
BMU,0.699404092084395,-8.385089934325787,neutral,1066384.0
GX440,0.6537075577030623,8.025310576788439,neutral,4229138296.0
TUR,0.39066781504592063,-1.8554837729911484,neutral,1380571795.0
TUN,0.04968632000105741,-0.3915263717349716,neutral,83086585.33333333
MDG,-0.3270018780671951,23.662778020244023,neutral,61299546.0
NZL,-0.39439176096129813,23.907554637360885,neutral,469348800.6666667
MAR,-1.090272357801694,25.497986102638627,neutral,156309628.0
BGD,-1.2777736089099025,7.1313026880649115,neutral,840889100.0
MYS,-1.5159555294213771,4.90203541548735,neutral,4875392136.0
G092,-1.748704525442631,17.688887533541294,neutral,138587854270.0
PYF,-1.9833275112625635,56.59154902865341,neutral,2173720.6666666665
TTO,-2.0636623572533437,19.942334102741867,neutral,235547221.0
KOR,-2.487136830382979,9.49417923699502,neutral,10607251872.0
GRD,-2.575002543834244,-2.486059525206134,neutral,986044.3333333334
G200,-2.5911500358992785,17.29105592866936,neutral,145012625022.66666
GX405,-2.811906496745083,8.146463757379923,neutral,3344676791.6666665
FJI,-2.8388587939315557,41.78214491602401,neutral,17485641.333333332
BEL,-2.9810869509676077,31.417459895990397,neutral,2346588481.0
COL,-3.0313764279754274,25.828499321863845,neutral,1491246954.6666667
G505,-3.544314517240673,13.265339429727183,neutral,73705451062.33333
SYR,-3.7285777777777827,161.4487921754498,neutral,750000.0
GRL,-3.843790813041706,-4.7533182342013465,neutral,2830998.6666666665
RWA,-4.237402289655594,11.476685183072062,neutral,3395154.0
DNK,-4.3859204655579855,25.742495839539885,neutral,932465358.6666666
GX170,-4.78565070171996,15.923393285161028,neutral,4751637179.0
G903,-4.78565070171996,15.923393285161028,neutral,4751637179.0
SAU,-4.971521248250382,4.935847435683761,neutral,931423723.6666666
GRC,-5.066990916634687,-4.928429607554419,neutral,183556601.66666666
BRB,-5.536269228424086,-24.520690872741557,collateral_damage,4034522.0
GTM,-6.162811521570577,16.389021031102352,neutral,442392024.6666667
JPN,-6.290313920101369,2.278189839935124,neutral,12467033584.666666
LCA,-6.770390810851634,55.33185237406838,neutral,666554.3333333334
CHL,-7.052824480657671,28.446382075464733,neutral,1545093392.0
JAM,-8.058862535930004,40.27572107806087,neutral,35250016.0
FRO,-8.077430024293308,348.825891759059,neutral,22279660.666666668
ARE,-8.387902564370457,10.72100978779643,neutral,663197808.6666666
POL,-8.595632051526707,23.458727849662075,neutral,1247106530.6666667
PLW,-8.63226549012085,-72.16468848263908,collateral_damage,39966.333333333336
SUR,-8.908518328196537,56.7098443120828,neutral,6446515.333333333
BRA,-9.248846646907307,21.825190987266645,neutral,3671099244.0
AUT,-9.251822120799961,27.30676677212643,neutral,1398645102.6666667
LKA,-9.360207595895972,13.315055229055844,neutral,291763764.0
ITA,-9.544616043719442,23.41887643944197,neutral,6540101209.666667
ECU,-9.679447848117723,36.603136242345904,neutral,819555804.3333334
HUN,-9.749407304691331,33.98644095245654,neutral,1084640355.0
MDA,-9.84278780134082,20.07426747178263,neutral,8825057.333333334
PRT,-10.457713309452435,34.982848961036474,neutral,619188090.3333334
IND,-11.55340646101708,14.287764804775586,neutral,9229817840.0
TON,-11.94570268229334,28.36485181437645,neutral,273236.3333333333
G001,-12.401327223892544,13.85584685136753,neutral,316032092819.0
GX605,-12.52034295789336,30.960462805541795,neutral,4401655254.333333
CAN,-14.182848703537271,11.573617839029481,neutral,36310262077.666664
GBR,-14.372451245988149,25.201585220900295,neutral,6191019027.333333
VUT,-14.393054888500789,34.177093279114324,neutral,1402655.6666666667
FRA,-14.703548665860847,30.02644630752761,neutral,5833708012.666667
DEU,-14.94985924476582,21.615461389322103,neutral,13997666669.666666
ESP,-15.901078588495837,22.189668432287394,neutral,1947246833.6666667
GEO,-16.975642074275438,16.64259903682427,neutral,10927928.333333334
KOS,-17.062617928079916,,neutral,1261715.3333333333
G400,-17.106204888602207,15.213505928894383,neutral,5391970983.666667
TX399,-17.648871191896472,8.671038427393638,neutral,4196653.666666667
ISR,-17.865179158726452,2.5948429479702284,neutral,1969750113.0
NLD,-18.727071232603585,24.391622432078055,neutral,3238381486.0
LTU,-19.218808772492114,16.726987662634222,neutral,183786907.66666666
COM,-19.69788956345765,135.0446789089508,neutral,115300.0
G603,-20.042722282706126,35.87359184995495,neutral,3661456038.6666665
MLT,-20.196258632580918,-52.505810413939535,collateral_damage,24011648.666666668
LBR,-20.61662441943126,88.61016283276146,neutral,7558680.0
G110,-20.7197008606906,10.84760574154443,neutral,171019441237.33334
LSO,-20.726246298321616,5.933472259767558,neutral,18873083.0
G080,-20.763427324567317,15.802263502684944,neutral,6424770752.666667
BHR,-21.450500079603813,6.7348475844801845,neutral,115044750.66666667
ARM,-21.463243547078196,35.217652863655644,neutral,7462562.666666667
NOR,-21.757303603285298,0.9042362105013129,neutral,615021527.6666666
EST,-22.207267064235243,15.112549055592126,neutral,95809382.0
LUX,-24.605672800566296,18.33067475896395,neutral,88103314.66666667
G998,-24.834689365237807,22.507248238362067,neutral,64135447528.333336
SGP,-24.86957911407742,15.268271086653511,neutral,3733568668.0
SVK,-25.1887912483754,34.318856818463715,neutral,590995306.3333334
KNA,-25.414860490075302,7.834578204432985,neutral,1815068.0
SWE,-25.59507040385253,15.711188882588715,neutral,1554564668.3333333
PER,-26.151518065053285,23.73222854703213,neutral,1013069343.3333334
G163,-26.37047236123169,22.573328504845165,neutral,58243096759.666664
NER,-26.502155383167647,44.07940990047899,neutral,207929.0
CHN,-26.982308266884598,,neutral,34219406924.0
PRY,-27.94646848414239,28.00458691641875,neutral,41089664.0
GNQ,-31.768205686473006,25.12378761785699,neutral,10682614.666666666
RUS,-32.16311255147175,16.59850766957326,neutral,353068778.6666667
YEM,-32.376888481561615,25.004336564399537,neutral,846712.0
VAT,-34.83682674449456,116.13682546850303,neutral,1256.3333333333333
HRV,-35.55651727692313,-0.43460375286364383,neutral,95298257.33333333
ERI,-37.151146099333644,29.667935537261837,neutral,22060.333333333332
MDV,-37.50357701027978,-23.708370297035263,collateral_damage,636006.0
AZE,-38.367569974635515,41.83464344701113,neutral,9970636.666666666
KIR,-40.4570715082541,-85.28138235240148,collateral_damage,162848.33333333334
NAM,-40.888395934709656,50.00772639060751,neutral,41462196.333333336
ZAF,-41.72390881348065,31.239026238639845,neutral,2333777143.6666665
CYP,-42.85652015371582,3.5311052126495457,neutral,9750112.666666666
GHA,-43.40043486453748,16.166154034557053,neutral,137208245.0
AFG,-44.59205423212141,5.010924797481876,neutral,3667101.0
COG,-44.83612181636586,1003.7437043549462,neutral,12008381.0
AUS,-44.9500149873772,23.53496550044954,neutral,4090446634.6666665
GIB,-45.23054525982882,5320.307969222105,neutral,39840.333333333336
KWT,-45.31867285767208,-20.511492814428845,collateral_damage,222415642.33333334
FLK,-45.38939238577019,-27.759400783240178,collateral_damage,3714190.5
SLB,-46.238979553554685,30.099953024072562,neutral,207909.0
TZA,-47.584982031841044,36.736384397259656,neutral,28047948.666666668
KGZ,-48.2423347543059,57.75073276159382,neutral,4128080.3333333335
MWI,-48.665287085236905,-25.69279558680338,collateral_damage,4618309.0
QAT,-48.69122783254109,23.821377809054738,neutral,236025305.0
IRL,-50.6617687303456,18.13774107169671,neutral,19879078919.0
BDI,-53.35478200781139,9.564530834272544,neutral,1014929.3333333334
CIV,-53.73050044975817,11.656280233391913,neutral,233610730.0
SVN,-53.96418459522958,19.23531418198545,neutral,483635466.6666667
GNB,-57.74647887323944,112.25406769512314,neutral,639.0
BWA,-60.79784842314269,66.27483092780435,neutral,31434433.666666668
SOM,-61.82529174492718,22.06142406844963,neutral,75779.66666666667
TKM,-62.35970611275528,81.03787786102772,neutral,4385763.666666667
SYC,-62.44448768909021,54.190416398762956,neutral,554982.0
ATG,-63.13141283095418,78.89263770727025,neutral,1026652.6666666666
BRN,-63.42579543888412,186.68367929180135,neutral,9604331.0
GX901,-64.13299566456007,27.640639249178335,neutral,1651052286.0
ZWE,-64.32401412634688,67.94980354253013,neutral,9296010.333333334
CAF,-67.82195549638703,-0.7606185078055349,neutral,221839.66666666666
SXM,-67.89552655566709,80.79546894183976,neutral,14444500.0
HKG,-69.80548035127826,24.932823196409565,neutral,926982464.3333334
MOZ,-70.68184321750095,57.00904911572089,neutral,26304879.0
CHE,-70.93587200784957,-1.971553707987785,neutral,20792226326.666668
MRT,-73.44898570689207,35.691787102236546,neutral,85659.0
TX884,-75.37371449367208,-24.585449029832603,collateral_damage,1062486.6666666667
IRN,-78.53373101635289,-37.56224740966712,collateral_damage,216699.66666666666
SLE,-78.9651920057613,57.03460383516025,neutral,4833631.0
KAZ,-80.9937581581935,32.475147585045114,neutral,953718339.0
WBG,-82.57875926021107,26.698426392946956,neutral,869040.6666666666
VEN,-83.26117756161958,33.961073937413616,neutral,541698639.0
STP,-84.59117545368309,-57.9913564406882,collateral_damage,37599.666666666664
MSR,-86.12087252351411,1179.6498106591011,neutral,83283.33333333333
TX598,-89.3591298376665,-17.021737197839787,collateral_damage,354845.6666666667
CPV,-91.04502239906745,-7.16006631391061,collateral_damage,1096920.6666666667
FSM,-92.71981279892131,-9.43499694140297,collateral_damage,178489.0
NRU,-94.68432718673576,489.3139630505249,neutral,49476.333333333336
TJK,-95.4903750414869,42.98063850759026,neutral,32138.666666666668
UZB,-96.11446723643819,51.2496530938725,neutral,172207238.33333334
AIA,-96.85097333551448,68.86155752223812,neutral,146712.0
TUV,-97.09767683998179,-40.45347631177535,collateral_damage,7683.5
