cty_code,country,china_overlap_share,pre_shock_value_usd
5520,VIETNAM,0.3672974593229836,176182286927
5600,INDONESIA,0.2281768028133699,35994104566
5330,INDIA,0.2112217382344493,115027536290
5490,THAILAND,0.11209908068685237,80843052329
5830,TAIWAN,0.09641322416372977,150316066242
4759,ITALY,0.08809615322539374,95964577311
5570,MALAYSIA,0.07442867485211033,67114601233
2010,MEXICO,0.05932528846597418,636822337268
5800,"KOREA, SOUTH",0.05755141618653308,163374915059
5880,JAPAN,0.055342377772301686,185771618547
4120,UNITED KINGDOM,0.04918001919278228,86740568162
4279,FRANCE,0.04677178443074634,77260870394
4280,GERMANY,0.04456347502544332,202373001945
1220,CANADA,0.028747743969629803,520817469601
4210,NETHERLANDS,0.026947566613282584,43770360045
3510,BRAZIL,0.026723689036712454,53361708821
4419,SWITZERLAND,0.012627770231842788,125650189453
5590,SINGAPORE,0.011331162557564013,54385046889
4190,IRELAND,0.0024916286588031527,162918344018
