period,R_vs_prev
2020Q1,0.0
2020Q2,0.13806916140632627
2020Q3,0.08045141399726054
2020Q4,0.03172585780584889
2021Q1,0.04104678753224001
2021Q2,0.031523367973866026
2021Q3,0.027641867629968318
2021Q4,0.027895363637582084
2022Q1,0.03329575256267945
2022Q2,0.046068957307098174
2022Q3,0.03537111581640444
2022Q4,0.050429110559540746
2023Q1,0.04537893308536228
2023Q2,0.02466936660307069
2023Q3,0.030435477802332946
2023Q4,0.020991367349231245
2024Q1,0.028315548856215945
2024Q2,0.02375115388702654
2024Q3,0.0473155137882621
2024Q4,0.03449503959889585
2025Q1,0.08545113199573216
2025Q2,0.1313302644390595
2025Q3,0.04304829260420386
2025Q4,0.05703385535078649
2026Q1,0.04343979107231874
