key,q,census_value,usitc_value,pct_diff
IRELAND,Q1,59637236757,56653842639,5.266004879863627
VIETNAM,Q1,39681140027,41199950772,3.68643825184423
GERMANY,Q1,41993000009,43451798832,3.3572806240778004
INDIA,Q1,27689453520,28487841703,2.802557636073649
BRAZIL,Q1,11013297732,11316560677,2.679815481538994
SOUTH KOREA,Q1,31821755616,32599644782,2.3861890864207025
SINGAPORE,Q1,11200706004,11461599990,2.2762440342327808
JAPAN,Q1,37401100754,38204147593,2.1019886310646
NETHERLANDS,Q1,9715144458,9518964116,2.060942132035662
UNITED KINGDOM,Q1,18573057082,18916887045,1.8175821538823382
MALAYSIA,Q1,14626176408,14460565110,1.1452615906792871
FRANCE,Q1,17477541045,17669469786,1.0862167531029727
ITALY,Q1,19620303629,19792097082,0.8679901492411243
INDONESIA,Q1,7941999928,7984607892,0.5336262541168753
CHINA,Q1,102658220772,103192537320,0.5177860355764726
CANADA,Q1,108930786233,109053436086,0.11246766484577139
TAIWAN,Q1,34061064604,34039021074,0.0647595885677144
SWITZERLAND,Q1,62324667362,62358168583,0.05372386932019851
THAILAND,Q1,17493405725,17502440102,0.05161781412962895
MEXICO,Q1,131299162743,131253583988,0.034725722235643554
ITALY,Q3,17747620981,19222797604,7.674099542581857
INDIA,Q3,24490378408,26242318921,6.67601258209707
CHINA,Q3,74958663182,71657941186,4.606219410396444
MALAYSIA,Q3,14404450078,13870611529,3.8487023292655573
JAPAN,Q3,35048454107,33829190434,3.604176326296535
VIETNAM,Q3,52078369092,53584925246,2.811529823142678
GERMANY,Q3,35715105615,34780561175,2.686973436966116
SOUTH KOREA,Q3,31030305012,30372841229,2.16464366320874
BRAZIL,Q3,9994694714,9815924350,1.8212280130296643
TAIWAN,Q3,52232774972,51428785848,1.5633056677173451
IRELAND,Q3,29423957794,29143664741,0.9617632356498977
INDONESIA,Q3,9043662659,8969193279,0.8302795768083034
UNITED KINGDOM,Q3,15903653508,16016674851,0.7056479828142577
MEXICO,Q3,135090607390,134361928880,0.5423251333722592
FRANCE,Q3,14907683209,14852964978,0.3683993807367611
NETHERLANDS,Q3,7895782435,7924953631,0.3680929549655809
SWITZERLAND,Q3,18072692425,18011862361,0.3377222342744062
THAILAND,Q3,24058160022,23999530879,0.24429287095482982
CANADA,Q3,93481297630,93401649855,0.08527448404139328
SINGAPORE,Q3,8415137563,8413647187,0.01771379244785535
