country,pre_value,post_value,pre_share,post_share,delta_share,pre_rank,post_rank,delta_rank,log_growth
TWN,10021672766.066668,18905442403.0,0.03566159837985204,0.0692983376780263,0.03363673929817426,9.0,4.0,5.0,0.6346998139529383
VNM,11749486389.066668,17375459857.8,0.041809932788384775,0.06369015116756775,0.021880218379182977,6.0,5.0,1.0,0.3912493296430384
MEX,42476650755.066666,44609202330.4,0.15115094007833518,0.16351606594241397,0.012365125864078785,1.0,1.0,0.0,0.04898563705999592
THA,5388105729.8,8316599397.7,0.01917329242827813,0.030484688012549797,0.011311395584271668,14.0,10.0,4.0,0.4340595634231619
IND,7673726806.533334,8400256872.6,0.02730655548621571,0.030791336427399445,0.003484780941183735,11.0,9.0,2.0,0.09045989412917166
MYS,4477401624.2,5017226111.0,0.015932599500570785,0.018390758694539537,0.002458159193968752,16.0,15.0,1.0,0.11383432986128028
IDN,2401782520.8,2979541891.5,0.008546617481118866,0.01092157991977101,0.0023749624386521437,20.0,18.0,2.0,0.21555838225858182
FRA,5167066317.8,5539020746.2,0.018386735241582398,0.020303409033943082,0.0019166737923606847,15.0,13.0,2.0,0.06951264041062899
PHL,1202723050.1333334,1547903713.2,0.00427982706851838,0.0056738769674801555,0.0013940498989617753,31.0,26.0,5.0,0.25231337779912977
KHM,1045848897.5333333,1381096868.7,0.0037215986013962666,0.005062442609544542,0.0013408440081482753,34.0,29.0,5.0,0.27804911783369235
CHL,1406984008.8,1597641238.5,0.005006679006581927,0.0058561910202294225,0.0008495120136474956,29.0,25.0,4.0,0.12707990287393756
ARG,578377775.8,752112000.6,0.002058127064600514,0.002756883984952612,0.000698756920352098,48.0,40.0,8.0,0.2626580029044767
CRI,987982386.9333333,1148629779.9,0.003515683649987353,0.004210329103005611,0.0006946454530182577,36.0,32.0,4.0,0.1506601444827993
DNK,855854553.3333334,1016149172.4,0.003045513664733239,0.0037247183630597295,0.0006792046983264905,37.0,35.0,2.0,0.17167499303053546
COD,31355975.8,208646717.4,0.00011157859988945095,0.0007647993826107199,0.000653220782721269,102.0,66.0,36.0,1.895237582704187
PER,826826719.4,907283465.1,0.0029422196359087612,0.0033256685875921416,0.0003834489516833803,38.0,37.0,1.0,0.09285978768249237
BHS,149184325.46666667,244641131.5,0.0005308646194650663,0.0008967377424572314,0.00036587312299216513,74.0,63.0,11.0,0.4946097396612217
LAO,80414824.53333333,174398459.9,0.00028615194720826403,0.0006392616002871292,0.0003531096530788651,88.0,71.0,17.0,0.7741441299546459
BGD,725895575.1333333,787547635.0,0.00258306143798354,0.0028867741248467522,0.0003037126868632124,40.0,39.0,1.0,0.08151768907653434
GUY,413287605.8666667,477986799.6,0.0014706623295156996,0.0017520717018007297,0.0002814093722850301,58.0,50.0,8.0,0.14543938303986081
NIC,379849734.1333333,430205304.6,0.0013516754118357726,0.0015769275234901767,0.00022525211165440404,59.0,54.0,5.0,0.12448680896981656
COL,1477605988.4666667,1490310699.0,0.005257983627522091,0.0054627684379440445,0.0002047848104219539,26.0,27.0,-1.0,0.008561418304424251
ETH,42521711.266666666,95767917.5,0.00015131128555208792,0.0003510395231260627,0.00019972823757397477,98.0,83.0,15.0,0.811912926593795
GAB,12620422.333333334,62732713.3,4.490911279396035e-05,0.0002299482158128374,0.00018503910301887705,120.0,95.0,25.0,1.6035666695519417
CIV,114367240.06666666,156943709.8,0.0004069698420885815,0.0005752808088974804,0.0001683109668088989,77.0,72.0,5.0,0.31647252749866084
PAK,426544833.1333333,458751081.3,0.0015178374793584583,0.001681562730160835,0.00016372525080237668,56.0,52.0,4.0,0.07279027613323663
AUT,1451196542.4666667,1445478968.4,0.005164006995210234,0.005298436689467421,0.0001344296942571866,27.0,28.0,-1.0,-0.003947685176743931
EGY,213689007.73333332,243348433.7,0.0007604011575570673,0.0008919993286846012,0.00013159817112753393,66.0,64.0,2.0,0.12997257611900181
FIN,663456618.8,676606211.1,0.0023608756775827457,0.002480115762031435,0.00011924008444868942,43.0,42.0,1.0,0.01962596687661744
RUS,271113786.1333333,294706466.5,0.0009647442280359642,0.0010802533892660551,0.00011550916123009099,63.0,58.0,5.0,0.08344122407358157
URY,107567787.13333334,134586303.7,0.00038277434445346874,0.0004933292182128471,0.0001105548737593784,79.0,76.0,3.0,0.22408442777337
DOM,618750154.3333334,623604892.0,0.0022017900620364375,0.0022858381973979943,8.40481353615568e-05,45.0,45.0,0.0,0.007815418602081792
CZE,671348796.7333333,672974076.2,0.0023889595799781466,0.0024668020873007974,7.784250732265074e-05,41.0,43.0,-2.0,0.0024179909288868373
ROU,317199047.6666667,329110009.3,0.0011287362208295198,0.0012063603734589516,7.762415262943176e-05,61.0,57.0,4.0,0.03686258208823645
PRY,31961463.266666666,52094839.9,0.00011373319537109681,0.00019095484409822926,7.722164872713245e-05,101.0,99.0,2.0,0.4885349853721799
ARE,630935070.0,632873831.5,0.0022451494471351367,0.002319813710146972,7.46642630118353e-05,44.0,44.0,0.0,0.0030681268592012145
ECU,732198245.0666667,730266935.1,0.0026054891592961287,0.002676810390622051,7.132123132592245e-05,39.0,41.0,-2.0,-0.0026411720605992173
LBY,110597223.8,126167750.4,0.0003935544363847947,0.0004624708158063905,6.891637942159584e-05,78.0,78.0,0.0,0.13171738524544097
ZMB,15860072.066666666,32374250.5,5.643723692835792e-05,0.0001186685661937224,6.223132926536448e-05,117.0,102.0,15.0,0.7135585768875075
PAN,46127257.86666667,59633047.0,0.00016414143454921053,0.00021858631708718195,5.444488253797142e-05,96.0,96.0,0.0,0.2568058431585136
KEN,62275800.86666667,74065173.7,0.00022160518020609401,0.0002714876122882906,4.988243208219658e-05,91.0,91.0,0.0,0.1733725074837693
BOL,42828898.6,54931995.5,0.00015240439561109962,0.0002013545037635701,4.8950108152470483e-05,97.0,97.0,0.0,0.248882893927437
NZL,468339264.26666665,467560816.5,0.0016665607765946238,0.001713855018895994,4.729424230137018e-05,53.0,51.0,2.0,-0.0016635278925996033
GTM,423137899.06666666,423508816.1,0.0015057140826732773,0.0015523813895548827,4.666730688160543e-05,57.0,55.0,2.0,0.0008762026699997705
UKR,104114760.73333333,112376201.8,0.0003704869306108636,0.00041191757449033164,4.143064387946804e-05,82.0,80.0,2.0,0.07635842722083552
LUX,64195728.0,72928358.6,0.0002284371404931376,0.00026732059016852373,3.888344967538612e-05,90.0,92.0,-2.0,0.12754090193867995
MMR,55323640.266666666,64300640.7,0.00019686628032613537,0.00023569549006877274,3.8829209742637365e-05,93.0,94.0,-1.0,0.1503692844608615
HND,458884600.8666667,455580269.4,0.001632916851387932,0.0016699400455880138,3.702319420008176e-05,54.0,53.0,1.0,-0.007226840413895985
SRB,69006668.06666666,77015619.4,0.00024555661909634306,0.00028230253944317357,3.674592034683051e-05,89.0,90.0,-1.0,0.10980511055081976
MKD,16384270.8,25769896.7,5.830257070403832e-05,9.446015413852866e-05,3.6157583434490335e-05,116.0,105.0,11.0,0.4528852168491859
UGA,10931379.933333334,19482231.2,3.889874375464255e-05,7.141257039320814e-05,3.2513826638565594e-05,122.0,109.0,13.0,0.5778652433667446
CMR,19439923.866666667,26657594.3,6.917595232358192e-05,9.771403028326314e-05,2.8538077959681222e-05,112.0,104.0,8.0,0.3157451777412845
SLV,189857943.6,191592456.6,0.0006755995622620153,0.0007022865940403774,2.6687031778362125e-05,68.0,67.0,1.0,0.009094366894096595
MLT,19498756.0,25084393.4,6.938530339298294e-05,9.194742589074836e-05,2.2562122497765422e-05,110.0,106.0,4.0,0.25189519577906694
GRC,186285339.8,186506177.1,0.000662886638495703,0.0006836427185466259,2.0756080050922843e-05,69.0,68.0,1.0,0.0011847765554549028
MAC,8543086.466666667,12763393.8,3.040012636714636e-05,4.678451604653662e-05,1.638438967939026e-05,129.0,118.0,11.0,0.40145882016943624
TUR,1392491962.8,1356063179.4,0.004955109818860665,0.004970681040708528,1.557122184786281e-05,30.0,30.0,0.0,-0.02650914009528904
POL,1161979110.8,1132013830.4,0.004134841891409203,0.0041494229546729326,1.4581063263729814e-05,32.0,33.0,-1.0,-0.026126483934834965
BMU,1768494.6666666667,4470352.6,6.293095774701674e-06,1.6386181154136033e-05,1.0093085379434359e-05,157.0,140.0,17.0,0.9273382312692853
CUW,2550306.8666666667,5008790.0,9.075133597695893e-06,1.8359835933976443e-05,9.28470233628055e-06,148.0,137.0,11.0,0.6749804847008303
COG,5081730.933333334,7342519.8,1.8083073739208783e-05,2.691417665144147e-05,8.831102912232688e-06,138.0,129.0,9.0,0.3680300816643385
ZWE,6381409.933333334,8488310.5,2.2707913484292455e-05,3.1114099041215456e-05,8.406185556923e-06,132.0,124.0,8.0,0.2853008771752297
MNG,2224042.8,4420571.1,7.914139980877717e-06,1.6203705911103833e-05,8.289565930226116e-06,151.0,141.0,10.0,0.6869420516638289
FRO,21086100.933333334,22725843.3,7.503378731619566e-05,8.330210578787647e-05,8.268318471680813e-06,106.0,107.0,-1.0,0.07488864497443615
RWA,2694925.2,4524793.3,9.589750372967139e-06,1.6585734802847764e-05,6.995984429880625e-06,146.0,139.0,7.0,0.518201297613599
LKA,259391783.6,253700052.6,0.000923032095110733,0.0009299434278892095,6.911332778476503e-06,65.0,60.0,5.0,-0.0221869227237228
SXM,9657914.533333333,11005894.4,3.4367183734122966e-05,4.0342361227096786e-05,5.9751774929738195e-06,127.0,119.0,8.0,0.13065323304440923
CUB,329969.93333333335,1748501.1,1.1741807495255436e-06,6.409171342056134e-06,5.23499059253059e-06,184.0,157.0,27.0,1.66751018775906
WSM,423948.8,1796445.3,1.5085996312324255e-06,6.584911919318456e-06,5.076312288086031e-06,181.0,156.0,25.0,1.4439506626550518
GIN,470059.2,1687379.0,1.6726810779448108e-06,6.185126866655866e-06,4.512445788711055e-06,176.0,159.0,17.0,1.278071537498768
PYF,3129628.8,4019278.5,1.1136620397497005e-05,1.4732758577013398e-05,3.5961381795163935e-06,143.0,144.0,-1.0,0.2501879349151306
DJI,3234213.4,4112710.6,1.150877922656455e-05,1.5075236106909218e-05,3.566456880344668e-06,142.0,143.0,-1.0,0.24029651308876154
TZA,19257246.733333334,19640764.0,6.852590529907975e-05,7.199367604909587e-05,3.4677707500161233e-06,113.0,108.0,5.0,0.01971975778686641
PNG,6291939.933333334,7014558.6,2.2389539168794062e-05,2.5712027265120616e-05,3.322488096326553e-06,134.0,131.0,3.0,0.10871833425617794
TGO,6886846.2,7558100.6,2.450648200366278e-05,2.7704393074672506e-05,3.197911071009725e-06,131.0,128.0,3.0,0.093006657958842
TKM,1849858.4,2656697.1,6.5826243642444674e-06,9.73818484749231e-06,3.1555604832478433e-06,155.0,150.0,5.0,0.36197439973144263
SLE,2883249.533333333,3650705.9,1.0259892663306818e-05,1.338174716192929e-05,3.1218544986224723e-06,144.0,147.0,-3.0,0.23600250497508668
NPL,9942527.933333334,10471977.3,3.5379965632040374e-05,3.8385275711763844e-05,3.00531007972347e-06,125.0,120.0,5.0,0.05188154825124869
SWZ,1674464.4,2377458.1,5.9584939887831374e-06,8.714627815481056e-06,2.756133826697919e-06,159.0,152.0,7.0,0.35053836219096723
LVA,51401807.0,50594475.0,0.000182910641768252,0.00018545522175329228,2.544579985040268e-06,94.0,100.0,-6.0,-0.015830946566293136
TLS,484921.0,1136529.8,1.725566015936026e-06,4.165976345998746e-06,2.4404103300627206e-06,175.0,167.0,8.0,0.8517476904117594
AFG,2239310.8,2815265.9,7.96847036032367e-06,1.0319422462215132e-05,2.350952101891462e-06,150.0,149.0,1.0,0.22888848407762197
LCA,597038.8666666667,1179439.3,2.1245315804284826e-06,4.323262113621059e-06,2.1987305331925762e-06,170.0,166.0,4.0,0.6808113934003792
MWI,3660635.8,4114944.7,1.3026181034021597e-05,1.508342525228367e-05,2.0572442182620725e-06,140.0,142.0,-2.0,0.11698851706624147
SDN,880736.5333333333,1356768.8,3.1340548891743333e-06,4.973267509386119e-06,1.839212620211786e-06,165.0,162.0,3.0,0.4321023440171192
BTN,272537.3333333333,755865.3,9.698098462921355e-07,2.770641790968654e-06,1.8008319446765187e-06,186.0,172.0,14.0,1.0200852316948623
BHR,103298344.93333334,100732302.4,0.000367581757687123,0.00036923659113592336,1.6548334488003394e-06,83.0,81.0,2.0,-0.025154826971849786
MAR,158254221.66666666,154075140.0,0.0005631393707148313,0.0005647659997533239,1.6266290384926415e-06,72.0,74.0,-2.0,-0.026762332199307792
MUS,17844081.066666666,17760600.4,6.349722918629523e-05,6.510189275911276e-05,1.6046635728175237e-06,115.0,110.0,5.0,-0.004689316770413399
BEN,3596318.7333333334,3891725.2,1.2797312116229437e-05,1.4265208997007593e-05,1.4678968807781561e-06,141.0,145.0,-4.0,0.07894178614987801
ALB,9816348.733333332,9915859.7,3.493096354832365e-05,3.6346813748695564e-05,1.4158502003719161e-06,126.0,122.0,4.0,0.010086230391941342
SSD,53765.86666666667,430449.0,1.913230244459357e-07,1.5778207946318823e-06,1.3864977701859465e-06,201.0,178.0,23.0,2.080173756871014
SMR,2024847.6,2324212.8,7.205314280077835e-06,8.519455933199036e-06,1.3141416531212012e-06,152.0,153.0,-1.0,0.1378868989845703
MHL,1723624.4,2018447.6,6.133427277593924e-06,7.398666499759126e-06,1.2652392221652023e-06,158.0,155.0,3.0,0.1578993332840497
NCL,2678478.2666666666,2895609.7,9.531224820915639e-06,1.0613924524851461e-05,1.0826997039358224e-06,147.0,148.0,-1.0,0.07794684303374133
BDI,452098.13333333336,697700.2,1.608767561619551e-06,2.5574362676619603e-06,9.486687060424094e-07,178.0,173.0,5.0,0.4338894535619442
KGZ,1936840.7333333334,2096322.3,6.892146448020628e-06,7.684118019069704e-06,7.919715710490759e-07,154.0,154.0,0.0,0.0791263267678417
VUT,1191665.8666666667,1304649.2,4.2404806594702055e-06,4.782221906566979e-06,5.417412470967731e-07,163.0,164.0,-1.0,0.09058190355688645
BLR,1586876.1333333333,1664827.0,5.646815722932118e-06,6.102461987516786e-06,4.556462645846675e-07,161.0,160.0,1.0,0.04795379695575086
ABW,825830.0666666667,921075.6,2.93867309928459e-06,3.3762239780044506e-06,4.3755087871986086e-07,167.0,170.0,-3.0,0.10915297043377414
GRD,1135530.0666666667,1192120.0,4.0407243512109595e-06,4.369743513625446e-06,3.290191624144867e-07,164.0,165.0,-1.0,0.048633631909405395
MLI,426892.13333333336,497036.3,1.5190733289555017e-06,1.8218980874084749e-06,3.028247584529732e-07,180.0,177.0,3.0,0.15213136490129564
VCT,602561.6,656933.5,2.1441839381425782e-06,2.408004983146212e-06,2.638210450036337e-07,169.0,174.0,-5.0,0.08639275754620535
BFA,371483.93333333335,403664.8,1.321906147240982e-06,1.4796426882183948e-06,1.5773654097741268e-07,183.0,179.0,4.0,0.08307900086460585
DMA,180900.13333333333,200162.0,6.437236629436462e-07,7.336984541609037e-07,8.997479121725751e-08,190.0,186.0,4.0,0.10118137726281162
GIB,36713.333333333336,57306.1,1.3064247646880893e-07,2.1005683888045764e-07,7.941436241164871e-08,203.0,192.0,11.0,0.4452572924382139
KNA,1671629.7333333334,1637120.1,5.948406975709861e-06,6.000901702849412e-06,5.2494727139551176e-08,160.0,161.0,-1.0,-0.020860364561642086
TON,244330.33333333334,250252.6,8.694367120877858e-07,9.173067104133001e-07,4.786999832551424e-08,187.0,185.0,2.0,0.023949576060084965
PRK,3831.0,13890.2,1.3632413129253868e-08,5.091485031117687e-08,3.7282437181923e-08,207.0,200.0,7.0,1.287868686014523
KIR,86447.13333333333,91120.3,3.076176025684399e-07,3.3400357336896013e-07,2.6385970800520256e-08,199.0,188.0,11.0,0.052646966484411806
GNB,8317.666666666666,1155.1,2.959798179885772e-08,4.234045844871952e-09,-2.5363935953985766e-08,206.0,205.0,1.0,-1.9734497138812905
VAT,11624.533333333333,775.4,4.136529387491061e-08,2.8422466869653818e-09,-3.852304718794523e-08,205.0,206.0,-1.0,-2.7062912562445334
TUV,15987.6,209.9,5.6891038409099234e-08,7.693933190534352e-10,-5.61216450900458e-08,204.0,207.0,-3.0,-4.3282471597884316
SLB,131308.4,102152.3,4.672540736469117e-07,3.744416252784289e-07,-9.281244836848277e-08,197.0,187.0,10.0,-0.2510817443457345
STP,45672.666666666664,9663.3,1.6252379554025114e-07,3.5421050309714433e-08,-1.2710274523053672e-07,202.0,203.0,-1.0,-1.5530832263276615
MDV,444887.13333333336,383570.1,1.5831075952726312e-06,1.4059850992313387e-06,-1.7712249604129247e-07,179.0,180.0,-1.0,-0.148297863519268
ERI,61273.26666666667,10632.3,2.1803771469040462e-07,3.8972942287621905e-08,-1.790647724027827e-07,200.0,202.0,-2.0,-1.7513693751167665
GMB,137382.46666666667,60835.4,4.888683221915816e-07,2.2299356989968247e-07,-2.6587475229189906e-07,196.0,191.0,5.0,-0.8145877485683464
AIA,108715.6,30602.7,3.86858776506059e-07,1.12174906741289e-07,-2.7468386976477e-07,198.0,198.0,0.0,-1.2676235796776467
CAF,139169.73333333334,41693.6,4.952282171464613e-07,1.5282885796706195e-07,-3.4239935917939935e-07,195.0,196.0,-1.0,-1.2053298527362504
COM,146286.06666666668,47356.2,5.205513171113478e-07,1.7358524962247872e-07,-3.469660674888691e-07,194.0,194.0,0.0,-1.1278520340866969
PLW,156940.8,34071.3,5.584656284091896e-07,1.24889140502455e-07,-4.335764879067346e-07,193.0,197.0,-4.0,-1.5273902985189736
SOM,180671.4,54537.1,6.429097273402969e-07,1.9990700514792328e-07,-4.4300272219237363e-07,191.0,193.0,-2.0,-1.1977859065917453
NRU,159156.86666666667,2017.5,5.663513857367722e-07,7.395193049977634e-09,-5.589561926867945e-07,192.0,204.0,-12.0,-4.367541920455266
MRT,207458.33333333334,45883.6,7.382296285843015e-07,1.6818740016255453e-07,-5.700422284217469e-07,188.0,195.0,-7.0,-1.5088057877404584
FSM,198370.46666666667,13266.6,7.058909303688028e-07,4.8629030045518354e-08,-6.572619003232844e-07,189.0,201.0,-12.0,-2.7048163943972785
YEM,763692.9333333333,533350.5,2.717561360243209e-06,1.955008629889515e-06,-7.625527303536942e-07,168.0,176.0,-8.0,-0.35898641660067376
BRB,4044547.0,3715284.1,1.4392308959719224e-05,1.3618460052050761e-05,-7.738489076684621e-07,139.0,146.0,-7.0,-0.08491438321510891
CPV,518250.73333333334,288637.2,1.8441681287754579e-06,1.0580063521214396e-06,-7.861617766540183e-07,174.0,183.0,-9.0,-0.5852870951865512
TJK,315356.93333333335,84206.9,1.122181153321475e-06,3.08662345298717e-07,-8.13518808022758e-07,185.0,189.0,-4.0,-1.3204195489508344
WBG,587392.2,338552.3,2.0902044216396015e-06,1.2409713090527598e-06,-8.492331125868417e-07,173.0,181.0,-8.0,-0.5510129029224515
SYC,587725.8666666667,337897.7,2.0913917570213457e-06,1.238571857567994e-06,-8.528198994533517e-07,172.0,182.0,-10.0,-0.553516181086886
SYR,860097.8666666667,577789.0,3.0606132732941556e-06,2.117898982480063e-06,-9.427142908140925e-07,166.0,175.0,-9.0,-0.3978368630246134
BIH,14099723.466666667,13427990.5,5.017312850583021e-05,4.922061066704619e-05,-9.525178387840199e-07,118.0,116.0,2.0,-0.04881380971010074
GRL,2738565.1333333333,2383699.9,9.745040793257689e-06,8.737507278172184e-06,-1.0075335150855044e-06,145.0,151.0,-6.0,-0.1387801945008338
NER,595365.4,279100.2,2.1185766368215824e-06,1.0230482573915082e-06,-1.0955283794300743e-06,171.0,184.0,-13.0,-0.7576025742717238
BLZ,5835131.866666666,5361380.4,2.076401155574897e-05,1.965226422422122e-05,-1.1117473315277504e-06,136.0,135.0,1.0,-0.08467537035802053
MNE,1211740.3333333333,824993.3,4.311914599159434e-06,3.0240320785319027e-06,-1.2878825206275312e-06,162.0,171.0,-9.0,-0.3844372452896465
IRN,457906.0,83021.7,1.6294345513871371e-06,3.043179672056149e-07,-1.3251165841815222e-06,177.0,190.0,-13.0,-1.7075520423469666
MSR,392109.6,13959.5,1.3953015033010917e-06,5.116887106873e-08,-1.3441326322323616e-06,182.0,199.0,-17.0,-3.3353120295410577
CYP,5874043.133333334,5273418.8,2.0902475263027115e-05,1.932983893897467e-05,-1.572636324052445e-06,135.0,136.0,-1.0,-0.10786427558097067
FLK,2012336.1333333333,1344701.7,7.160792880325058e-06,4.92903527441542e-06,-2.231757605909638e-06,153.0,163.0,-10.0,-0.40312385177107046
LBR,6347040.6,5460332.7,2.2585612009226664e-05,2.00149761752692e-05,-2.5706358339574635e-06,133.0,134.0,-1.0,-0.15047890947511533
ATG,1788767.2,984851.7,6.36523452426486e-06,3.6099967519695947e-06,-2.7552377722952656e-06,156.0,168.0,-12.0,-0.5967904186797153
JAM,31141508.466666665,29362706.5,0.00011081542910095463,0.00010762968180289125,-3.1857472980633734e-06,103.0,103.0,0.0,-0.0588162219942987
SUR,7350197.066666666,5974971.5,2.61552918283033e-05,2.190139663475313e-05,-4.253895193550169e-06,130.0,133.0,-3.0,-0.20714776541094082
BGR,124637280.6,119657663.4,0.00044351524417800536,0.00043860794089330515,-4.907303284700209e-06,76.0,79.0,-3.0,-0.04077290273649936
KOS,2520072.8,939600.4,8.967547252778793e-06,3.444127062124513e-06,-5.52342019065428e-06,149.0,169.0,-20.0,-0.9865877230115458
SEN,19478156.133333333,16746460.4,6.931199984487343e-05,6.138453906409204e-05,-7.92746078078139e-06,111.0,112.0,-1.0,-0.15110671447649793
GHA,105556881.4,100186158.4,0.00037561864157673025,0.00036723468763501287,-8.383953941717385e-06,81.0,82.0,-1.0,-0.05221992791517138
MDA,10864689.266666668,7816900.6,3.866142850539553e-05,2.865303047805997e-05,-1.0008398027335558e-05,123.0,125.0,-2.0,-0.32922984465263383
FJI,20781959.8,16996282.4,7.39515170005602e-05,6.230026740021668e-05,-1.1651249600343514e-05,107.0,111.0,-4.0,-0.20109064455576586
GNQ,10645908.8,7126573.8,3.7882909657520046e-05,2.6122621579138883e-05,-1.1760288078381163e-05,124.0,130.0,-6.0,-0.40134503575509406
TCD,5430266.866666666,1691281.6,1.9323320628686746e-05,6.199431937484537e-06,-1.3123888691202208e-05,137.0,158.0,-21.0,-1.1665012876062022
GEO,13213197.066666666,9067654.9,4.701847067894684e-05,3.323769937847615e-05,-1.378077130047069e-05,119.0,123.0,-4.0,-0.3765023983072737
LBN,21156054.2,16632328.5,7.528271235690067e-05,6.096618593712264e-05,-1.4316526419778031e-05,105.0,113.0,-8.0,-0.24057780082242886
AZE,12512558.8,7562818.6,4.452528605212243e-05,2.7721687013116024e-05,-1.6803599039006406e-05,121.0,127.0,-6.0,-0.5034888402296911
BEL,2325974394.5333333,2253403423.5,0.008276858228750857,0.008259902521072122,-1.695570767873411e-05,21.0,21.0,0.0,-0.03169733964631405
MDG,61140942.06666667,54664632.0,0.0002175668445222075,0.000200374476652285,-1.7192367869922506e-05,92.0,98.0,-6.0,-0.111964803807453
ARM,9598053.6,4615131.7,3.415417173373071e-05,1.691687230362898e-05,-1.723729943010173e-05,128.0,138.0,-10.0,-0.7322198105007534
HTI,49623461.333333336,43427303.5,0.00017658249172528194,0.00015918378836305794,-1.7398703362224e-05,95.0,101.0,-6.0,-0.13337537357299922
LSO,19591795.6,13048833.4,6.971637994338246e-05,4.783080152168328e-05,-2.1885578421699174e-05,109.0,117.0,-8.0,-0.40641212603554067
TUN,91498357.86666666,82733555.7,0.00032559212087880857,0.00030326176758987733,-2.2330353288931243e-05,84.0,86.0,-2.0,-0.10069575229960748
EST,90188808.4,80501700.1,0.00032093215759434134,0.0002950808491156896,-2.5851308478651715e-05,85.0,88.0,-3.0,-0.11362703919214567
QAT,169484109.46666667,155616299.7,0.0006031003391003098,0.0005704151563839785,-3.2685182716331285e-05,71.0,73.0,-2.0,-0.08536581232672091
MOZ,19665681.733333334,10132893.9,6.997929988442217e-05,3.714235764334115e-05,-3.2836942241081026e-05,108.0,121.0,-13.0,-0.6630880711168885
ISL,89863439.53333333,78099579.1,0.000319774349499902,0.00028627581886815287,-3.349853063174912e-05,86.0,89.0,-3.0,-0.14030651022513752
BRN,17844153.266666666,7697960.2,6.349748610621899e-05,2.821705168279774e-05,-3.5280434423421255e-05,114.0,126.0,-12.0,-0.8407204479462678
NAM,26640779.133333333,15139814.1,9.479981916752958e-05,5.549533978204381e-05,-3.930447938548577e-05,104.0,114.0,-10.0,-0.5651150942746064
HRV,85784373.93333334,72459994.3,0.00030525920790749065,0.00026560378996222004,-3.965541794527061e-05,87.0,93.0,-6.0,-0.16880225897214984
OMN,107062515.0,92490050.2,0.0003809763599939805,0.00033902442450117596,-4.195193549280451e-05,80.0,84.0,-4.0,-0.14631184139037146
AUS,1930469393.9333334,1858671868.6,0.006869474370002488,0.006813004849992398,-5.646952001009051e-05,22.0,22.0,0.0,-0.03790099908726319
DZA,206821730.06666666,183570783.0,0.0007359643091557886,0.0006728829633806952,-6.308134577509344e-05,67.0,69.0,-2.0,-0.11925688265709766
BWA,33295131.666666668,13920100.2,0.00011847898461835107,5.1024450187872256e-05,-6.745453443047882e-05,100.0,115.0,-15.0,-0.8720772951421267
LTU,170861661.0,145155439.5,0.0006080022841823345,0.0005320706306601482,-7.593165352218635e-05,70.0,75.0,-5.0,-0.1630490632547783
JOR,280095084.73333335,247995603.4,0.0009967037093600022,0.0009090336370204163,-8.76700723395859e-05,62.0,61.0,1.0,-0.12171811561137247
NOR,561896040.5333333,520025404.9,0.0019994776716894744,0.0019061651846980347,-9.33124869914397e-05,50.0,48.0,2.0,-0.07743918542283978
TTO,268834642.26666665,235308170.8,0.0009566340137912747,0.0008625275585145527,-9.410645527672197e-05,64.0,65.0,-1.0,-0.13320045713288664
UZB,37270620.0,6322478.2,0.0001326255519246755,2.317519050472124e-05,-0.00010945036141995424,99.0,132.0,-33.0,-1.7740939658284578
NGA,454468600.46666664,406127711.9,0.0016172027449322414,0.0014886705489200488,-0.00012853219601219258,55.0,56.0,-1.0,-0.11246115361942799
IRQ,593929462.2666667,532783072.3,0.0021134669275005994,0.001952928710492536,-0.00016053821700806343,46.0,47.0,-1.0,-0.10864621421245246
AGO,136073313.0,85432080.5,0.00048420976734071293,0.0003131532728419974,-0.00017105649449871552,75.0,85.0,-10.0,-0.46547212217364375
JPN,12373977825.133333,11959319871.5,0.04403215290118608,0.043837164409504935,-0.0001949884916811473,5.0,7.0,-2.0,-0.0340848250770982
PRT,563101368.6,486275898.4,0.002003766768573078,0.0017824555857344783,-0.0002213111828385998,49.0,49.0,0.0,-0.14668350744589986
ESP,1808032116.2,1691770099.2,0.006433787720959942,0.00620122254263386,-0.00023256517832608188,24.0,23.0,1.0,-0.06646364838430685
KWT,154056845.13333333,81089086.8,0.0005482032258541068,0.00029723392869015764,-0.0002509692971639492,73.0,87.0,-14.0,-0.6417732653736294
KOR,10891396182.4,10504202865.9,0.038756463668195046,0.03850339927110722,-0.0002530643970878252,7.0,8.0,-1.0,-0.03619768645530996
SVK,664022701.0666667,539987762.3,0.002362890051721181,0.0019793376688148376,-0.00038355238290634346,42.0,46.0,-4.0,-0.20676986000540154
HUN,1063856834.6666666,926970717.8,0.003785678903825719,0.0033978326690494863,-0.0003878462347762326,33.0,36.0,-3.0,-0.13773412989170808
ITA,6399119454.666667,6074157720.8,0.022770931889705488,0.022264966027919775,-0.0005059658617857128,12.0,12.0,0.0,-0.05211706285085427
SAU,1035199755.3333334,856966392.1,0.0036837041858539614,0.0031412301893047477,-0.0005424739965492137,35.0,38.0,-3.0,-0.18895098512225772
NLD,2923196979.733333,2665356272.9,0.010402043561971273,0.009769925246624223,-0.0006321183153470498,19.0,20.0,-1.0,-0.0923401388285292
ISR,1875115679.2,1632255755.2,0.006672501071259688,0.005983071334146733,-0.000689429737112955,23.0,24.0,-1.0,-0.13870739600440984
KAZ,346126962.46666664,131527445.7,0.001231674692644048,0.00048211690325747244,-0.0007495577893865755,60.0,77.0,-17.0,-0.9675901041939063
SWE,1510624444.8666666,1261465932.8,0.005375478077674806,0.004623932638922485,-0.0007515454387523211,25.0,31.0,-6.0,-0.18024862143574083
VEN,507530579.6,247863131.0,0.0018060210224058644,0.000908548056365252,-0.0008974729660406124,52.0,62.0,-10.0,-0.7166802597179753
BRA,3555308090.2,3170621965.6,0.012651377887597227,0.011621988363871892,-0.0010293895237253343,18.0,17.0,1.0,-0.11451395107289031
HKG,583589856.4666667,256509335.5,0.0020766739810481774,0.0009402409195261369,-0.0011364330615220406,47.0,59.0,-12.0,-0.822033373683901
SVN,516262956.0,180099573.4,0.001837094727100447,0.0006601591640701942,-0.0011769355630302527,51.0,70.0,-19.0,-1.0531063532178457
ZAF,1443807867.9333334,1045445129.6,0.005137714783329264,0.0038321033737550867,-0.0013056114095741774,28.0,34.0,-6.0,-0.32284121984551817
GBR,5777168360.933333,5108454437.9,0.020557751452231175,0.018725158243016345,-0.00183259320921483,13.0,14.0,-1.0,-0.12301675953798963
SGP,3626961927.133333,2907680387.0,0.012906354318652145,0.010658169908053867,-0.002248184410598278,17.0,19.0,-2.0,-0.22103971766257757
DEU,13495303195.8,12457248604.8,0.048022330584621666,0.04566233373187635,-0.002359996852745315,4.0,6.0,-2.0,-0.08003904273974527
IRL,10861566012.066668,7780581065.8,0.038650314567255345,0.028519900382945097,-0.010130414184310248,8.0,11.0,-3.0,-0.33359948155747077
CHE,8403047873.466666,4681663636.3,0.029901806357607877,0.017160746659478948,-0.012741059698128929,10.0,16.0,-6.0,-0.5849409574186133
CAN,34775100407.333336,30236011165.9,0.12374537597599909,0.11083080031380908,-0.012914575662190009,3.0,2.0,1.0,-0.13986798842202575
CHN,36107040461.13333,22677940993.7,0.12848501499369738,0.0831265187729433,-0.04535849622075408,2.0,3.0,-1.0,-0.46509518330330124
